round,hour,load
0,1,12006.72
0,2,16092.16
0,3,19216.46
0,4,13754.44
1,1,10937.29
1,2,17254.32
1,3,18328.87
1,4,16709.47
2,1,12690.37
2,2,15761.73
2,3,18455.64
2,4,15035.97
3,1,14630.58
3,2,16741.81667
3,3,19020.48214
3,4,16114.46
4,1,11962.33
4,2,16416.63
4,3,19220.56
4,4,14228.17
5,1,13467.3486
5,2,15456.0513
5,3,16228.2861
5,4,14457.873
6,1,11346
6,2,11880
6,3,14720.79
6,4,13950
