round,hour,load
0,1,12006.72
0,2,16092.16
0,3,19216.46
0,4,13754.44
1,1,10937.29
1,2,17254.32
1,3,18328.87
1,4,16709.47
2,1,12690.37
2,2,15761.73
2,3,18455.64
2,4,15035.97
3,1,14630.58
3,2,16741.81667
3,3,19020.48214
3,4,16114.46
4,1,12200
4,2,16000
4,3,19500
4,4,14000
5,1,15000
5,2,16200
5,3,18200
5,4,16000
6,1,12200
6,2,16000
6,3,19500
6,4,15000
